"Country or Area","Year(s)","Variant","Value"
"Austria","2022","Medium","8939.617"
"Austria","2021","Medium","8922.082"
"Austria","2020","Medium","8907.777"
"Austria","2019","Medium","8879.94"
"Austria","2018","Medium","8840.513"
"Austria","2017","Medium","8797.496"
"Austria","2016","Medium","8736.487"
"Austria","2015","Medium","8642.421"
"Austria","2014","Medium","8546.066"
"Austria","2013","Medium","8479.539"
"Austria","2012","Medium","8429.637"
"Austria","2011","Medium","8391.2"
"Austria","2010","Medium","8362.829"
"Austria","2009","Medium","8342.935"
"Austria","2008","Medium","8321.131"
"Austria","2007","Medium","8294.722"
"Austria","2006","Medium","8267.763"
"Austria","2005","Medium","8227.034"
"Austria","2004","Medium","8171.217"
"Austria","2003","Medium","8120.104"
"Austria","2002","Medium","8078.992"
"Austria","2001","Medium","8039.626"
"Austria","2000","Medium","8010.428"
"Austria","1999","Medium","7991.377"
"Austria","1998","Medium","7975.862"
"Austria","1997","Medium","7967.093"
"Austria","1996","Medium","7958.041"
"Austria","1995","Medium","7947.296"
"Austria","1994","Medium","7935.365"
"Austria","1993","Medium","7905.278"
"Austria","1992","Medium","7840.816"
"Austria","1991","Medium","7755.638"
"Austria","1990","Medium","7678.729"
"Austria","1989","Medium","7619.391"
"Austria","1988","Medium","7583.761"
"Austria","1987","Medium","7572.38"
"Austria","1986","Medium","7567.248"
"Austria","1985","Medium","7562.114"
"Austria","1984","Medium","7558.563"
"Austria","1983","Medium","7559.11"
"Austria","1982","Medium","7571.289"
"Austria","1981","Medium","7566.316"
"Austria","1980","Medium","7547.561"
"Belgium","2022","Medium","11655.93"
"Belgium","2021","Medium","11611.419"
"Belgium","2020","Medium","11561.717"
"Belgium","2019","Medium","11510.568"
"Belgium","2018","Medium","11448.595"
"Belgium","2017","Medium","11384.489"
"Belgium","2016","Medium","11316.836"
"Belgium","2015","Medium","11248.303"
"Belgium","2014","Medium","11176.723"
"Belgium","2013","Medium","11103.257"
"Belgium","2012","Medium","11031.139"
"Belgium","2011","Medium","10955.743"
"Belgium","2010","Medium","10877.947"
"Belgium","2009","Medium","10801.356"
"Belgium","2008","Medium","10726.716"
"Belgium","2007","Medium","10653.697"
"Belgium","2006","Medium","10582.975"
"Belgium","2005","Medium","10516.978"
"Belgium","2004","Medium","10456.163"
"Belgium","2003","Medium","10402.55"
"Belgium","2002","Medium","10355.568"
"Belgium","2001","Medium","10309.255"
"Belgium","2000","Medium","10264.343"
"Belgium","1999","Medium","10224.22"
"Belgium","1998","Medium","10188.538"
"Belgium","1997","Medium","10154.872"
"Belgium","1996","Medium","10123.229"
"Belgium","1995","Medium","10095.198"
"Belgium","1994","Medium","10069.182"
"Belgium","1993","Medium","10043.738"
"Belgium","1992","Medium","10016.455"
"Belgium","1991","Medium","9987.07"
"Belgium","1990","Medium","9959.56"
"Belgium","1989","Medium","9937.17"
"Belgium","1988","Medium","9917.995"
"Belgium","1987","Medium","9900.221"
"Belgium","1986","Medium","9887.815"
"Belgium","1985","Medium","9880.534"
"Belgium","1984","Medium","9873.6"
"Belgium","1983","Medium","9866.532"
"Belgium","1982","Medium","9857.343"
"Belgium","1981","Medium","9843.592"
"Belgium","1980","Medium","9828.986"
"Bulgaria","2022","Medium","6781.953"
"Bulgaria","2021","Medium","6885.868"
"Bulgaria","2020","Medium","6979.175"
"Bulgaria","2019","Medium","7052.532"
"Bulgaria","2018","Medium","7117.431"
"Bulgaria","2017","Medium","7182.428"
"Bulgaria","2016","Medium","7245.975"
"Bulgaria","2015","Medium","7309.253"
"Bulgaria","2014","Medium","7372.141"
"Bulgaria","2013","Medium","7431.167"
"Bulgaria","2012","Medium","7488.344"
"Bulgaria","2011","Medium","7543.13"
"Bulgaria","2010","Medium","7592.273"
"Bulgaria","2009","Medium","7634.735"
"Bulgaria","2008","Medium","7674.913"
"Bulgaria","2007","Medium","7719.035"
"Bulgaria","2006","Medium","7766.036"
"Bulgaria","2005","Medium","7815.221"
"Bulgaria","2004","Medium","7865.316"
"Bulgaria","2003","Medium","7917.739"
"Bulgaria","2002","Medium","7974.81"
"Bulgaria","2001","Medium","8034.86"
"Bulgaria","2000","Medium","8097.691"
"Bulgaria","1999","Medium","8162.301"
"Bulgaria","1998","Medium","8234.927"
"Bulgaria","1997","Medium","8318.966"
"Bulgaria","1996","Medium","8401.376"
"Bulgaria","1995","Medium","8477.579"
"Bulgaria","1994","Medium","8548.466"
"Bulgaria","1993","Medium","8611.535"
"Bulgaria","1992","Medium","8668.54"
"Bulgaria","1991","Medium","8721.66"
"Bulgaria","1990","Medium","8767.778"
"Bulgaria","1989","Medium","8804.43"
"Bulgaria","1988","Medium","8835.815"
"Bulgaria","1987","Medium","8865.755"
"Bulgaria","1986","Medium","8892.1"
"Bulgaria","1985","Medium","8917.076"
"Bulgaria","1984","Medium","8939.49"
"Bulgaria","1983","Medium","8956.433"
"Bulgaria","1982","Medium","8970.485"
"Bulgaria","1981","Medium","8978.412"
"Bulgaria","1980","Medium","8980.606"
"Croatia","2022","Medium","4030.358"
"Croatia","2021","Medium","4060.135"
"Croatia","2020","Medium","4096.869"
"Croatia","2019","Medium","4129.752"
"Croatia","2018","Medium","4160.485"
"Croatia","2017","Medium","4192.467"
"Croatia","2016","Medium","4223.751"
"Croatia","2015","Medium","4254.815"
"Croatia","2014","Medium","4283.972"
"Croatia","2013","Medium","4308.854"
"Croatia","2012","Medium","4331.595"
"Croatia","2011","Medium","4351.842"
"Croatia","2010","Medium","4368.682"
"Croatia","2009","Medium","4382.13"
"Croatia","2008","Medium","4393.664"
"Croatia","2007","Medium","4405.532"
"Croatia","2006","Medium","4417.56"
"Croatia","2005","Medium","4429.681"
"Croatia","2004","Medium","4443.35"
"Croatia","2003","Medium","4461.139"
"Croatia","2002","Medium","4482.868"
"Croatia","2001","Medium","4506.759"
"Croatia","2000","Medium","4548.434"
"Croatia","1999","Medium","4605.329"
"Croatia","1998","Medium","4659.932"
"Croatia","1997","Medium","4711.373"
"Croatia","1996","Medium","4758.628"
"Croatia","1995","Medium","4807.1"
"Croatia","1994","Medium","4819.426"
"Croatia","1993","Medium","4792.403"
"Croatia","1992","Medium","4798.321"
"Croatia","1991","Medium","4844.522"
"Croatia","1990","Medium","4873.707"
"Croatia","1989","Medium","4874.182"
"Croatia","1988","Medium","4865.828"
"Croatia","1987","Medium","4849.962"
"Croatia","1986","Medium","4828.684"
"Croatia","1985","Medium","4803.325"
"Croatia","1984","Medium","4776.362"
"Croatia","1983","Medium","4751.89"
"Croatia","1982","Medium","4728.725"
"Croatia","1981","Medium","4703.98"
"Croatia","1980","Medium","4680.144"
"Cyprus","2022","Medium","1251.488"
"Cyprus","2021","Medium","1244.188"
"Cyprus","2020","Medium","1237.537"
"Cyprus","2019","Medium","1228.836"
"Cyprus","2018","Medium","1218.831"
"Cyprus","2017","Medium","1208.523"
"Cyprus","2016","Medium","1197.881"
"Cyprus","2015","Medium","1187.28"
"Cyprus","2014","Medium","1176.995"
"Cyprus","2013","Medium","1166.968"
"Cyprus","2012","Medium","1156.556"
"Cyprus","2011","Medium","1145.086"
"Cyprus","2010","Medium","1129.686"
"Cyprus","2009","Medium","1110.974"
"Cyprus","2008","Medium","1092.39"
"Cyprus","2007","Medium","1073.873"
"Cyprus","2006","Medium","1055.438"
"Cyprus","2005","Medium","1037.062"
"Cyprus","2004","Medium","1018.684"
"Cyprus","2003","Medium","1000.35"
"Cyprus","2002","Medium","982.194"
"Cyprus","2001","Medium","964.83"
"Cyprus","2000","Medium","948.237"
"Cyprus","1999","Medium","931.6"
"Cyprus","1998","Medium","914.66"
"Cyprus","1997","Medium","897.471"
"Cyprus","1996","Medium","880.058"
"Cyprus","1995","Medium","862.418"
"Cyprus","1994","Medium","844.444"
"Cyprus","1993","Medium","825.986"
"Cyprus","1992","Medium","810.431"
"Cyprus","1991","Medium","799.061"
"Cyprus","1990","Medium","788.5"
"Cyprus","1989","Medium","777.592"
"Cyprus","1988","Medium","766.412"
"Cyprus","1987","Medium","755.021"
"Cyprus","1986","Medium","743.446"
"Cyprus","1985","Medium","731.664"
"Cyprus","1984","Medium","719.678"
"Cyprus","1983","Medium","707.477"
"Cyprus","1982","Medium","696.227"
"Cyprus","1981","Medium","687.17"
"Cyprus","1980","Medium","679.327"
"Czechia","2022","Medium","10493.986"
"Czechia","2021","Medium","10510.751"
"Czechia","2020","Medium","10530.953"
"Czechia","2019","Medium","10536.871"
"Czechia","2018","Medium","10534.593"
"Czechia","2017","Medium","10531.305"
"Czechia","2016","Medium","10527.591"
"Czechia","2015","Medium","10523.798"
"Czechia","2014","Medium","10517.182"
"Czechia","2013","Medium","10514.552"
"Czechia","2012","Medium","10511.065"
"Czechia","2011","Medium","10496.379"
"Czechia","2010","Medium","10464.749"
"Czechia","2009","Medium","10421.51"
"Czechia","2008","Medium","10378.583"
"Czechia","2007","Medium","10337.829"
"Czechia","2006","Medium","10304.815"
"Czechia","2005","Medium","10280.113"
"Czechia","2004","Medium","10260.999"
"Czechia","2003","Medium","10248.038"
"Czechia","2002","Medium","10238.17"
"Czechia","2001","Medium","10230.276"
"Czechia","2000","Medium","10234.71"
"Czechia","1999","Medium","10249.147"
"Czechia","1998","Medium","10263.833"
"Czechia","1997","Medium","10279.044"
"Czechia","1996","Medium","10295.651"
"Czechia","1995","Medium","10311.702"
"Czechia","1994","Medium","10321.302"
"Czechia","1993","Medium","10318.916"
"Czechia","1992","Medium","10310.956"
"Czechia","1991","Medium","10303.362"
"Czechia","1990","Medium","10301.192"
"Czechia","1989","Medium","10304.496"
"Czechia","1988","Medium","10304.152"
"Czechia","1987","Medium","10302.082"
"Czechia","1986","Medium","10302.68"
"Czechia","1985","Medium","10302.326"
"Czechia","1984","Medium","10299.715"
"Czechia","1983","Medium","10298.164"
"Czechia","1982","Medium","10293.691"
"Czechia","1981","Medium","10283.835"
"Czechia","1980","Medium","10270.06"
"Denmark","2022","Medium","5882.261"
"Denmark","2021","Medium","5854.24"
"Denmark","2020","Medium","5825.641"
"Denmark","2019","Medium","5795.878"
"Denmark","2018","Medium","5766.686"
"Denmark","2017","Medium","5737.284"
"Denmark","2016","Medium","5706.857"
"Denmark","2015","Medium","5677.796"
"Denmark","2014","Medium","5650.653"
"Denmark","2013","Medium","5625.385"
"Denmark","2012","Medium","5600.959"
"Denmark","2011","Medium","5576.016"
"Denmark","2010","Medium","5550.849"
"Denmark","2009","Medium","5526.452"
"Denmark","2008","Medium","5502.751"
"Denmark","2007","Medium","5479.722"
"Denmark","2006","Medium","5457.864"
"Denmark","2005","Medium","5436.313"
"Denmark","2004","Medium","5415.586"
"Denmark","2003","Medium","5396.355"
"Denmark","2002","Medium","5378.697"
"Denmark","2001","Medium","5360.748"
"Denmark","2000","Medium","5340.655"
"Denmark","1999","Medium","5319.854"
"Denmark","1998","Medium","5298.992"
"Denmark","1997","Medium","5277.382"
"Denmark","1996","Medium","5256.007"
"Denmark","1995","Medium","5235.197"
"Denmark","1994","Medium","5213.8"
"Denmark","1993","Medium","5193.775"
"Denmark","1992","Medium","5175.469"
"Denmark","1991","Medium","5158.325"
"Denmark","1990","Medium","5144.623"
"Denmark","1989","Medium","5133.93"
"Denmark","1988","Medium","5126.107"
"Denmark","1987","Medium","5121.51"
"Denmark","1986","Medium","5119.369"
"Denmark","1985","Medium","5119.452"
"Denmark","1984","Medium","5121.314"
"Denmark","1983","Medium","5124.332"
"Denmark","1982","Medium","5126.398"
"Denmark","1981","Medium","5126.981"
"Denmark","1980","Medium","5125.392"
"Estonia","2022","Medium","1326.062"
"Estonia","2021","Medium","1328.701"
"Estonia","2020","Medium","1329.444"
"Estonia","2019","Medium","1327.039"
"Estonia","2018","Medium","1322.148"
"Estonia","2017","Medium","1317.549"
"Estonia","2016","Medium","1315.926"
"Estonia","2015","Medium","1314.657"
"Estonia","2014","Medium","1314.526"
"Estonia","2013","Medium","1317.982"
"Estonia","2012","Medium","1322.682"
"Estonia","2011","Medium","1327.429"
"Estonia","2010","Medium","1331.535"
"Estonia","2009","Medium","1334.552"
"Estonia","2008","Medium","1337.011"
"Estonia","2007","Medium","1340.574"
"Estonia","2006","Medium","1346.709"
"Estonia","2005","Medium","1354.662"
"Estonia","2004","Medium","1362.48"
"Estonia","2003","Medium","1370.66"
"Estonia","2002","Medium","1379.24"
"Estonia","2001","Medium","1387.995"
"Estonia","2000","Medium","1396.877"
"Estonia","1999","Medium","1403.498"
"Estonia","1998","Medium","1411.147"
"Estonia","1997","Medium","1421.49"
"Estonia","1996","Medium","1434.67"
"Estonia","1995","Medium","1452.775"
"Estonia","1994","Medium","1475.727"
"Estonia","1993","Medium","1504.436"
"Estonia","1992","Medium","1540.381"
"Estonia","1991","Medium","1565.627"
"Estonia","1990","Medium","1570.674"
"Estonia","1989","Medium","1568.047"
"Estonia","1988","Medium","1559.586"
"Estonia","1987","Medium","1547.706"
"Estonia","1986","Medium","1536.023"
"Estonia","1985","Medium","1525.782"
"Estonia","1984","Medium","1516.124"
"Estonia","1983","Medium","1505.714"
"Estonia","1982","Medium","1495.374"
"Estonia","1981","Medium","1485.768"
"Estonia","1980","Medium","1476.983"
"Finland","2022","Medium","5540.745"
"Finland","2021","Medium","5535.992"
"Finland","2020","Medium","5529.468"
"Finland","2019","Medium","5521.537"
"Finland","2018","Medium","5515.461"
"Finland","2017","Medium","5508.14"
"Finland","2016","Medium","5495.219"
"Finland","2015","Medium","5479.461"
"Finland","2014","Medium","5461.44"
"Finland","2013","Medium","5438.872"
"Finland","2012","Medium","5413.859"
"Finland","2011","Medium","5388.166"
"Finland","2010","Medium","5363.271"
"Finland","2009","Medium","5338.815"
"Finland","2008","Medium","5313.35"
"Finland","2007","Medium","5288.689"
"Finland","2006","Medium","5266.251"
"Finland","2005","Medium","5246.071"
"Finland","2004","Medium","5228.141"
"Finland","2003","Medium","5212.989"
"Finland","2002","Medium","5200.596"
"Finland","2001","Medium","5188.002"
"Finland","2000","Medium","5176.209"
"Finland","1999","Medium","5165.491"
"Finland","1998","Medium","5153.544"
"Finland","1997","Medium","5139.943"
"Finland","1996","Medium","5124.718"
"Finland","1995","Medium","5107.943"
"Finland","1994","Medium","5088.49"
"Finland","1993","Medium","5066.605"
"Finland","1992","Medium","5042.121"
"Finland","1991","Medium","5013.854"
"Finland","1990","Medium","4986.545"
"Finland","1989","Medium","4964.475"
"Finland","1988","Medium","4946.561"
"Finland","1987","Medium","4932.176"
"Finland","1986","Medium","4918.172"
"Finland","1985","Medium","4902.175"
"Finland","1984","Medium","4881.748"
"Finland","1983","Medium","4855.733"
"Finland","1982","Medium","4826.861"
"Finland","1981","Medium","4799.865"
"Finland","1980","Medium","4779.418"
"France","2022","Medium","64626.628"
"France","2021","Medium","64531.444"
"France","2020","Medium","64480.053"
"France","2019","Medium","64399.759"
"France","2018","Medium","64277.808"
"France","2017","Medium","64144.086"
"France","2016","Medium","63989.319"
"France","2015","Medium","63809.769"
"France","2014","Medium","63588.491"
"France","2013","Medium","63335.18"
"France","2012","Medium","63071.416"
"France","2011","Medium","62775.268"
"France","2010","Medium","62444.567"
"France","2009","Medium","62093.296"
"France","2008","Medium","61721.009"
"France","2007","Medium","61329.376"
"France","2006","Medium","60919.15"
"France","2005","Medium","60510.079"
"France","2004","Medium","60108.438"
"France","2003","Medium","59728.262"
"France","2002","Medium","59372.786"
"France","2001","Medium","59014.772"
"France","2000","Medium","58665.453"
"France","1999","Medium","58352.208"
"France","1998","Medium","58080.344"
"France","1997","Medium","57839.363"
"France","1996","Medium","57623.178"
"France","1995","Medium","57420.354"
"France","1994","Medium","57230.065"
"France","1993","Medium","57053.732"
"France","1992","Medium","56864.048"
"France","1991","Medium","56645.215"
"France","1990","Medium","56412.897"
"France","1989","Medium","56169.948"
"France","1988","Medium","55911.478"
"France","1987","Medium","55641.541"
"France","1986","Medium","55371.639"
"France","1985","Medium","55108.106"
"France","1984","Medium","54845.98"
"France","1983","Medium","54592.379"
"France","1982","Medium","54319.646"
"France","1981","Medium","54016.749"
"France","1980","Medium","53713.83"
"Germany","2022","Medium","83369.843"
"Germany","2021","Medium","83408.554"
"Germany","2020","Medium","83328.988"
"Germany","2019","Medium","83148.141"
"Germany","2018","Medium","82896.696"
"Germany","2017","Medium","82624.374"
"Germany","2016","Medium","82331.423"
"Germany","2015","Medium","82073.226"
"Germany","2014","Medium","81858.825"
"Germany","2013","Medium","81680.591"
"Germany","2012","Medium","81545.565"
"Germany","2011","Medium","81423.378"
"Germany","2010","Medium","81325.09"
"Germany","2009","Medium","81260.615"
"Germany","2008","Medium","81217.482"
"Germany","2007","Medium","81183.83"
"Germany","2006","Medium","81177.817"
"Germany","2005","Medium","81212.168"
"Germany","2004","Medium","81266.673"
"Germany","2003","Medium","81346.81"
"Germany","2002","Medium","81443.427"
"Germany","2001","Medium","81514.568"
"Germany","2000","Medium","81551.677"
"Germany","1999","Medium","81556.965"
"Germany","1998","Medium","81524.383"
"Germany","1997","Medium","81436.087"
"Germany","1996","Medium","81300.865"
"Germany","1995","Medium","81123.262"
"Germany","1994","Medium","80882.126"
"Germany","1993","Medium","80573.488"
"Germany","1992","Medium","80205.03"
"Germany","1991","Medium","79801.988"
"Germany","1990","Medium","79370.196"
"Germany","1989","Medium","78916.438"
"Germany","1988","Medium","78477.53"
"Germany","1987","Medium","78090.895"
"Germany","1986","Medium","77803.357"
"Germany","1985","Medium","77638.808"
"Germany","1984","Medium","77568.572"
"Germany","1983","Medium","77566.064"
"Germany","1982","Medium","77610.43"
"Germany","1981","Medium","77684.489"
"Germany","1980","Medium","77786.703"
"Greece","2022","Medium","10384.971"
"Greece","2021","Medium","10445.365"
"Greece","2020","Medium","10512.232"
"Greece","2019","Medium","10574.024"
"Greece","2018","Medium","10633.271"
"Greece","2017","Medium","10692.228"
"Greece","2016","Medium","10749.742"
"Greece","2015","Medium","10806.641"
"Greece","2014","Medium","10862.969"
"Greece","2013","Medium","10914.505"
"Greece","2012","Medium","10963.635"
"Greece","2011","Medium","11004.725"
"Greece","2010","Medium","11033.783"
"Greece","2009","Medium","11055.496"
"Greece","2008","Medium","11073.623"
"Greece","2007","Medium","11091.493"
"Greece","2006","Medium","11106.093"
"Greece","2005","Medium","11113.448"
"Greece","2004","Medium","11115.091"
"Greece","2003","Medium","11110.487"
"Greece","2002","Medium","11096.617"
"Greece","2001","Medium","11072.182"
"Greece","2000","Medium","11038.109"
"Greece","1999","Medium","10993.862"
"Greece","1998","Medium","10939.475"
"Greece","1997","Medium","10875.273"
"Greece","1996","Medium","10803.806"
"Greece","1995","Medium","10727.927"
"Greece","1994","Medium","10647.416"
"Greece","1993","Medium","10563.441"
"Greece","1992","Medium","10478.388"
"Greece","1991","Medium","10391.547"
"Greece","1990","Medium","10302.255"
"Greece","1989","Medium","10211.979"
"Greece","1988","Medium","10120.191"
"Greece","1987","Medium","10029.141"
"Greece","1986","Medium","9936.726"
"Greece","1985","Medium","9840.141"
"Greece","1984","Medium","9740.382"
"Greece","1983","Medium","9636.353"
"Greece","1982","Medium","9528.815"
"Greece","1981","Medium","9418.994"
"Greece","1980","Medium","9307.148"
"Hungary","2022","Medium","9967.308"
"Hungary","2021","Medium","9709.786"
"Hungary","2020","Medium","9750.573"
"Hungary","2019","Medium","9771.796"
"Hungary","2018","Medium","9776.358"
"Hungary","2017","Medium","9788.941"
"Hungary","2016","Medium","9815.104"
"Hungary","2015","Medium","9844.246"
"Hungary","2014","Medium","9867.901"
"Hungary","2013","Medium","9894.639"
"Hungary","2012","Medium","9922.127"
"Hungary","2011","Medium","9953.245"
"Hungary","2010","Medium","9986.825"
"Hungary","2009","Medium","10008.579"
"Hungary","2008","Medium","10023.51"
"Hungary","2007","Medium","10041.172"
"Hungary","2006","Medium","10057.063"
"Hungary","2005","Medium","10073.525"
"Hungary","2004","Medium","10094.493"
"Hungary","2003","Medium","10118.062"
"Hungary","2002","Medium","10148.401"
"Hungary","2001","Medium","10177.955"
"Hungary","2000","Medium","10202.055"
"Hungary","1999","Medium","10230.256"
"Hungary","1998","Medium","10260.967"
"Hungary","1997","Medium","10286.22"
"Hungary","1996","Medium","10308.267"
"Hungary","1995","Medium","10327.169"
"Hungary","1994","Medium","10342.434"
"Hungary","1993","Medium","10357.421"
"Hungary","1992","Medium","10370.06"
"Hungary","1991","Medium","10374.747"
"Hungary","1990","Medium","10375.989"
"Hungary","1989","Medium","10397.173"
"Hungary","1988","Medium","10434.265"
"Hungary","1987","Medium","10469.192"
"Hungary","1986","Medium","10505.772"
"Hungary","1985","Medium","10542.754"
"Hungary","1984","Medium","10580.906"
"Hungary","1983","Medium","10620.934"
"Hungary","1982","Medium","10655.624"
"Hungary","1981","Medium","10680.62"
"Hungary","1980","Medium","10698.679"
"Ireland","2022","Medium","5023.109"
"Ireland","2021","Medium","4986.526"
"Ireland","2020","Medium","4946.119"
"Ireland","2019","Medium","4896.019"
"Ireland","2018","Medium","4834.507"
"Ireland","2017","Medium","4771.854"
"Ireland","2016","Medium","4715.788"
"Ireland","2015","Medium","4665.76"
"Ireland","2014","Medium","4622.167"
"Ireland","2013","Medium","4588.832"
"Ireland","2012","Medium","4564.55"
"Ireland","2011","Medium","4544.501"
"Ireland","2010","Medium","4524.585"
"Ireland","2009","Medium","4499.792"
"Ireland","2008","Medium","4452.392"
"Ireland","2007","Medium","4359.834"
"Ireland","2006","Medium","4234.806"
"Ireland","2005","Medium","4121.216"
"Ireland","2004","Medium","4031.954"
"Ireland","2003","Medium","3958.705"
"Ireland","2002","Medium","3894.258"
"Ireland","2001","Medium","3829.018"
"Ireland","2000","Medium","3768.95"
"Ireland","1999","Medium","3719.912"
"Ireland","1998","Medium","3678.667"
"Ireland","1997","Medium","3640.15"
"Ireland","1996","Medium","3606.728"
"Ireland","1995","Medium","3579.482"
"Ireland","1994","Medium","3559.398"
"Ireland","1993","Medium","3545.7"
"Ireland","1992","Medium","3528.367"
"Ireland","1991","Medium","3504.805"
"Ireland","1990","Medium","3485.374"
"Ireland","1989","Medium","3483.314"
"Ireland","1988","Medium","3498.03"
"Ireland","1987","Medium","3513.7"
"Ireland","1986","Medium","3515.669"
"Ireland","1985","Medium","3505.769"
"Ireland","1984","Medium","3490.931"
"Ireland","1983","Medium","3472.903"
"Ireland","1982","Medium","3451.212"
"Ireland","1981","Medium","3424.827"
"Ireland","1980","Medium","3391.387"
"Italy","2022","Medium","59037.474"
"Italy","2021","Medium","59240.329"
"Italy","2020","Medium","59500.579"
"Italy","2019","Medium","59727.932"
"Italy","2018","Medium","59877.425"
"Italy","2017","Medium","60004.032"
"Italy","2016","Medium","60118.626"
"Italy","2015","Medium","60232.906"
"Italy","2014","Medium","60322.791"
"Italy","2013","Medium","60312.599"
"Italy","2012","Medium","60190.145"
"Italy","2011","Medium","60025.952"
"Italy","2010","Medium","59822.45"
"Italy","2009","Medium","59562.841"
"Italy","2008","Medium","59224.228"
"Italy","2007","Medium","58778.482"
"Italy","2006","Medium","58429.903"
"Italy","2005","Medium","58199.876"
"Italy","2004","Medium","57860.661"
"Italy","2003","Medium","57425.175"
"Italy","2002","Medium","57107.577"
"Italy","2001","Medium","56994.993"
"Italy","2000","Medium","56966.397"
"Italy","1999","Medium","56945.068"
"Italy","1998","Medium","56938.738"
"Italy","1997","Medium","56925.8"
"Italy","1996","Medium","56898.973"
"Italy","1995","Medium","56885.126"
"Italy","1994","Medium","56883.819"
"Italy","1993","Medium","56869.454"
"Italy","1992","Medium","56833.185"
"Italy","1991","Medium","56794.489"
"Italy","1990","Medium","56756.561"
"Italy","1989","Medium","56711.524"
"Italy","1988","Medium","56670.888"
"Italy","1987","Medium","56644.53"
"Italy","1986","Medium","56639.054"
"Italy","1985","Medium","56636.465"
"Italy","1984","Medium","56620.238"
"Italy","1983","Medium","56607.516"
"Italy","1982","Medium","56585.843"
"Italy","1981","Medium","56532.91"
"Italy","1980","Medium","56329.482"
"Latvia","2022","Medium","1850.651"
"Latvia","2021","Medium","1873.919"
"Latvia","2020","Medium","1897.052"
"Latvia","2019","Medium","1916.555"
"Latvia","2018","Medium","1935.63"
"Latvia","2017","Medium","1954.862"
"Latvia","2016","Medium","1973.476"
"Latvia","2015","Medium","1991.955"
"Latvia","2014","Medium","2011.039"
"Latvia","2013","Medium","2031.486"
"Latvia","2012","Medium","2053.636"
"Latvia","2011","Medium","2076.974"
"Latvia","2010","Medium","2101.53"
"Latvia","2009","Medium","2126.265"
"Latvia","2008","Medium","2150.412"
"Latvia","2007","Medium","2176.053"
"Latvia","2006","Medium","2203.913"
"Latvia","2005","Medium","2233.157"
"Latvia","2004","Medium","2263.443"
"Latvia","2003","Medium","2294.342"
"Latvia","2002","Medium","2326.144"
"Latvia","2001","Medium","2359.249"
"Latvia","2000","Medium","2392.53"
"Latvia","1999","Medium","2426.351"
"Latvia","1998","Medium","2462.337"
"Latvia","1997","Medium","2498.879"
"Latvia","1996","Medium","2534.287"
"Latvia","1995","Medium","2570.151"
"Latvia","1994","Medium","2606.454"
"Latvia","1993","Medium","2638.889"
"Latvia","1992","Medium","2662.883"
"Latvia","1991","Medium","2678.964"
"Latvia","1990","Medium","2689.391"
"Latvia","1989","Medium","2693.388"
"Latvia","1988","Medium","2690.47"
"Latvia","1987","Medium","2681.836"
"Latvia","1986","Medium","2668.867"
"Latvia","1985","Medium","2655.104"
"Latvia","1984","Medium","2640.608"
"Latvia","1983","Medium","2623.151"
"Latvia","1982","Medium","2604.945"
"Latvia","1981","Medium","2588.051"
"Latvia","1980","Medium","2572.037"
"Lithuania","2022","Medium","2750.055"
"Lithuania","2021","Medium","2786.651"
"Lithuania","2020","Medium","2820.267"
"Lithuania","2019","Medium","2849.083"
"Lithuania","2018","Medium","2876.128"
"Lithuania","2017","Medium","2904.45"
"Lithuania","2016","Medium","2933.673"
"Lithuania","2015","Medium","2963.765"
"Lithuania","2014","Medium","2994.927"
"Lithuania","2013","Medium","3028.189"
"Lithuania","2012","Medium","3063.341"
"Lithuania","2011","Medium","3099.798"
"Lithuania","2010","Medium","3139.019"
"Lithuania","2009","Medium","3180.479"
"Lithuania","2008","Medium","3224.378"
"Lithuania","2007","Medium","3272.418"
"Lithuania","2006","Medium","3322.932"
"Lithuania","2005","Medium","3373.533"
"Lithuania","2004","Medium","3422.591"
"Lithuania","2003","Medium","3469.675"
"Lithuania","2002","Medium","3515.799"
"Lithuania","2001","Medium","3560.142"
"Lithuania","2000","Medium","3599.637"
"Lithuania","1999","Medium","3633.944"
"Lithuania","1998","Medium","3665.51"
"Lithuania","1997","Medium","3694.896"
"Lithuania","1996","Medium","3722.022"
"Lithuania","1995","Medium","3747.267"
"Lithuania","1994","Medium","3770.456"
"Lithuania","1993","Medium","3788.528"
"Lithuania","1992","Medium","3795.742"
"Lithuania","1991","Medium","3793.425"
"Lithuania","1990","Medium","3785.847"
"Lithuania","1989","Medium","3773.18"
"Lithuania","1988","Medium","3755.541"
"Lithuania","1987","Medium","3732.005"
"Lithuania","1986","Medium","3702.828"
"Lithuania","1985","Medium","3672.852"
"Lithuania","1984","Medium","3643.837"
"Lithuania","1983","Medium","3612.64"
"Lithuania","1982","Medium","3580.825"
"Lithuania","1981","Medium","3550.539"
"Lithuania","1980","Medium","3521.206"
"Luxembourg","2022","Medium","647.599"
"Luxembourg","2021","Medium","639.321"
"Luxembourg","2020","Medium","630.399"
"Luxembourg","2019","Medium","619.973"
"Luxembourg","2018","Medium","607.913"
"Luxembourg","2017","Medium","596.283"
"Luxembourg","2016","Medium","583.351"
"Luxembourg","2015","Medium","569.408"
"Luxembourg","2014","Medium","556.069"
"Luxembourg","2013","Medium","543.066"
"Luxembourg","2012","Medium","530.585"
"Luxembourg","2011","Medium","518.206"
"Luxembourg","2010","Medium","507.07"
"Luxembourg","2009","Medium","497.868"
"Luxembourg","2008","Medium","488.635"
"Luxembourg","2007","Medium","479.868"
"Luxembourg","2006","Medium","472.404"
"Luxembourg","2005","Medium","464.86"
"Luxembourg","2004","Medium","457.788"
"Luxembourg","2003","Medium","451.351"
"Luxembourg","2002","Medium","445.913"
"Luxembourg","2001","Medium","441.25"
"Luxembourg","2000","Medium","435.628"
"Luxembourg","1999","Medium","429.349"
"Luxembourg","1998","Medium","423.574"
"Luxembourg","1997","Medium","418.411"
"Luxembourg","1996","Medium","413.202"
"Luxembourg","1995","Medium","407.635"
"Luxembourg","1994","Medium","402.043"
"Luxembourg","1993","Medium","396.697"
"Luxembourg","1992","Medium","391.516"
"Luxembourg","1991","Medium","386.399"
"Luxembourg","1990","Medium","381.267"
"Luxembourg","1989","Medium","376.949"
"Luxembourg","1988","Medium","373.432"
"Luxembourg","1987","Medium","370.526"
"Luxembourg","1986","Medium","368.17"
"Luxembourg","1985","Medium","366.466"
"Luxembourg","1984","Medium","365.779"
"Luxembourg","1983","Medium","365.44"
"Luxembourg","1982","Medium","365.02"
"Luxembourg","1981","Medium","364.473"
"Luxembourg","1980","Medium","363.741"
"Malta","2022","Medium","533.286"
"Malta","2021","Medium","526.748"
"Malta","2020","Medium","515.358"
"Malta","2019","Medium","503.635"
"Malta","2018","Medium","491.586"
"Malta","2017","Medium","479.497"
"Malta","2016","Medium","467.705"
"Malta","2015","Medium","456.579"
"Malta","2014","Medium","446.441"
"Malta","2013","Medium","437.525"
"Malta","2012","Medium","429.907"
"Malta","2011","Medium","423.571"
"Malta","2010","Medium","418.755"
"Malta","2009","Medium","415.5"
"Malta","2008","Medium","413.401"
"Malta","2007","Medium","412.081"
"Malta","2006","Medium","411.197"
"Malta","2005","Medium","410.208"
"Malta","2004","Medium","408.798"
"Malta","2003","Medium","406.919"
"Malta","2002","Medium","404.699"
"Malta","2001","Medium","402.151"
"Malta","2000","Medium","399.212"
"Malta","1999","Medium","395.983"
"Malta","1998","Medium","392.483"
"Malta","1997","Medium","388.839"
"Malta","1996","Medium","385.269"
"Malta","1995","Medium","381.849"
"Malta","1994","Medium","378.563"
"Malta","1993","Medium","375.241"
"Malta","1992","Medium","371.88"
"Malta","1991","Medium","368.67"
"Malta","1990","Medium","365.392"
"Malta","1989","Medium","361.894"
"Malta","1988","Medium","358.439"
"Malta","1987","Medium","355.169"
"Malta","1986","Medium","352.091"
"Malta","1985","Medium","349.118"
"Malta","1984","Medium","346.086"
"Malta","1983","Medium","342.886"
"Malta","1982","Medium","339.668"
"Malta","1981","Medium","336.617"
"Malta","1980","Medium","333.587"
"Netherlands","2022","Medium","17564.014"
"Netherlands","2021","Medium","17501.696"
"Netherlands","2020","Medium","17434.557"
"Netherlands","2019","Medium","17363.262"
"Netherlands","2018","Medium","17286.042"
"Netherlands","2017","Medium","17207.198"
"Netherlands","2016","Medium","17124.505"
"Netherlands","2015","Medium","17041.107"
"Netherlands","2014","Medium","16954.081"
"Netherlands","2013","Medium","16867.352"
"Netherlands","2012","Medium","16785.299"
"Netherlands","2011","Medium","16701.472"
"Netherlands","2010","Medium","16617.117"
"Netherlands","2009","Medium","16536.208"
"Netherlands","2008","Medium","16460.77"
"Netherlands","2007","Medium","16391.232"
"Netherlands","2006","Medium","16325.677"
"Netherlands","2005","Medium","16261.831"
"Netherlands","2004","Medium","16196.035"
"Netherlands","2003","Medium","16127.579"
"Netherlands","2002","Medium","16057.04"
"Netherlands","2001","Medium","15981.636"
"Netherlands","2000","Medium","15899.135"
"Netherlands","1999","Medium","15812.487"
"Netherlands","1998","Medium","15722.594"
"Netherlands","1997","Medium","15629.905"
"Netherlands","1996","Medium","15538.616"
"Netherlands","1995","Medium","15446.668"
"Netherlands","1994","Medium","15349.478"
"Netherlands","1993","Medium","15251.086"
"Netherlands","1992","Medium","15150.685"
"Netherlands","1991","Medium","15046.584"
"Netherlands","1990","Medium","14944.548"
"Netherlands","1989","Medium","14850.225"
"Netherlands","1988","Medium","14762.318"
"Netherlands","1987","Medium","14675.301"
"Netherlands","1986","Medium","14592.531"
"Netherlands","1985","Medium","14515.704"
"Netherlands","1984","Medium","14441.927"
"Netherlands","1983","Medium","14369.647"
"Netherlands","1982","Medium","14296.533"
"Netherlands","1981","Medium","14217.318"
"Netherlands","1980","Medium","14130.387"
"Poland","2022","Medium","39857.145"
"Poland","2021","Medium","38307.726"
"Poland","2020","Medium","38428.366"
"Poland","2019","Medium","38493.601"
"Poland","2018","Medium","38521.457"
"Poland","2017","Medium","38532.812"
"Poland","2016","Medium","38532.113"
"Poland","2015","Medium","38553.146"
"Poland","2014","Medium","38581.872"
"Poland","2013","Medium","38607.353"
"Poland","2012","Medium","38625.874"
"Poland","2011","Medium","38620.847"
"Poland","2010","Medium","38597.353"
"Poland","2009","Medium","38555.285"
"Poland","2008","Medium","38522.882"
"Poland","2007","Medium","38521.874"
"Poland","2006","Medium","38547.179"
"Poland","2005","Medium","38575.911"
"Poland","2004","Medium","38596.042"
"Poland","2003","Medium","38621.531"
"Poland","2002","Medium","38647.476"
"Poland","2001","Medium","38662.862"
"Poland","2000","Medium","38504.431"
"Poland","1999","Medium","38354.956"
"Poland","1998","Medium","38379.99"
"Poland","1997","Medium","38396.13"
"Poland","1996","Medium","38401.408"
"Poland","1995","Medium","38401.978"
"Poland","1994","Medium","38375.459"
"Poland","1993","Medium","38319.296"
"Poland","1992","Medium","38252.276"
"Poland","1991","Medium","38167.382"
"Poland","1990","Medium","38064.255"
"Poland","1989","Medium","37939.013"
"Poland","1988","Medium","37812.076"
"Poland","1987","Medium","37654.411"
"Poland","1986","Medium","37436.798"
"Poland","1985","Medium","37179.16"
"Poland","1984","Medium","36876.56"
"Poland","1983","Medium","36536.141"
"Poland","1982","Medium","36188.644"
"Poland","1981","Medium","35851.094"
"Poland","1980","Medium","35521.429"
"Portugal","2022","Medium","10270.865"
"Portugal","2021","Medium","10290.103"
"Portugal","2020","Medium","10298.192"
"Portugal","2019","Medium","10289.923"
"Portugal","2018","Medium","10289.835"
"Portugal","2017","Medium","10307.53"
"Portugal","2016","Medium","10332.753"
"Portugal","2015","Medium","10365.435"
"Portugal","2014","Medium","10408.372"
"Portugal","2013","Medium","10464.535"
"Portugal","2012","Medium","10522.086"
"Portugal","2011","Medium","10564.826"
"Portugal","2010","Medium","10588.401"
"Portugal","2009","Medium","10591.343"
"Portugal","2008","Medium","10580.96"
"Portugal","2007","Medium","10565.551"
"Portugal","2006","Medium","10543.947"
"Portugal","2005","Medium","10523.315"
"Portugal","2004","Medium","10501.522"
"Portugal","2003","Medium","10473.344"
"Portugal","2002","Medium","10430.914"
"Portugal","2001","Medium","10371.819"
"Portugal","2000","Medium","10300.626"
"Portugal","1999","Medium","10233.369"
"Portugal","1998","Medium","10179.415"
"Portugal","1997","Medium","10130.549"
"Portugal","1996","Medium","10087.645"
"Portugal","1995","Medium","10051.248"
"Portugal","1994","Medium","10018.104"
"Portugal","1993","Medium","9992.103"
"Portugal","1992","Medium","9978.744"
"Portugal","1991","Medium","9986.415"
"Portugal","1990","Medium","10007.346"
"Portugal","1989","Medium","10020.315"
"Portugal","1988","Medium","10023.31"
"Portugal","1987","Medium","10020.203"
"Portugal","1986","Medium","10011.03"
"Portugal","1985","Medium","9996.896"
"Portugal","1984","Medium","9974.819"
"Portugal","1983","Medium","9943.821"
"Portugal","1982","Medium","9904.424"
"Portugal","1981","Medium","9856.752"
"Portugal","1980","Medium","9785.252"
"Romania","2022","Medium","19659.267"
"Romania","2021","Medium","19328.56"
"Romania","2020","Medium","19442.038"
"Romania","2019","Medium","19524.211"
"Romania","2018","Medium","19606.783"
"Romania","2017","Medium","19698.853"
"Romania","2016","Medium","19797.82"
"Romania","2015","Medium","19906.079"
"Romania","2014","Medium","19995.836"
"Romania","2013","Medium","20066.546"
"Romania","2012","Medium","20137.118"
"Romania","2011","Medium","20220.285"
"Romania","2010","Medium","20335.211"
"Romania","2009","Medium","20466.318"
"Romania","2008","Medium","20597.508"
"Romania","2007","Medium","20744.23"
"Romania","2006","Medium","20909.401"
"Romania","2005","Medium","21092.264"
"Romania","2004","Medium","21289.286"
"Romania","2003","Medium","21481.32"
"Romania","2002","Medium","21653.532"
"Romania","2001","Medium","21797.59"
"Romania","2000","Medium","21919.876"
"Romania","1999","Medium","22039.007"
"Romania","1998","Medium","22161.242"
"Romania","1997","Medium","22289.535"
"Romania","1996","Medium","22417.869"
"Romania","1995","Medium","22533.134"
"Romania","1994","Medium","22632.776"
"Romania","1993","Medium","22721.656"
"Romania","1992","Medium","22800.963"
"Romania","1991","Medium","22842.482"
"Romania","1990","Medium","22836.234"
"Romania","1989","Medium","22788.04"
"Romania","1988","Medium","22719.093"
"Romania","1987","Medium","22653.807"
"Romania","1986","Medium","22587.322"
"Romania","1985","Medium","22525.363"
"Romania","1984","Medium","22465.037"
"Romania","1983","Medium","22403.762"
"Romania","1982","Medium","22331.065"
"Romania","1981","Medium","22237.47"
"Romania","1980","Medium","22125.224"
"Slovakia","2022","Medium","5643.453"
"Slovakia","2021","Medium","5447.622"
"Slovakia","2020","Medium","5456.681"
"Slovakia","2019","Medium","5453.924"
"Slovakia","2018","Medium","5446.745"
"Slovakia","2017","Medium","5439.417"
"Slovakia","2016","Medium","5431.203"
"Slovakia","2015","Medium","5424.444"
"Slovakia","2014","Medium","5419.569"
"Slovakia","2013","Medium","5414.739"
"Slovakia","2012","Medium","5409.283"
"Slovakia","2011","Medium","5402.68"
"Slovakia","2010","Medium","5396.424"
"Slovakia","2009","Medium","5388.926"
"Slovakia","2008","Medium","5381.636"
"Slovakia","2007","Medium","5378.382"
"Slovakia","2006","Medium","5377.235"
"Slovakia","2005","Medium","5376.242"
"Slovakia","2004","Medium","5374.931"
"Slovakia","2003","Medium","5374.376"
"Slovakia","2002","Medium","5375.206"
"Slovakia","2001","Medium","5376.456"
"Slovakia","2000","Medium","5376.69"
"Slovakia","1999","Medium","5374.62"
"Slovakia","1998","Medium","5371.081"
"Slovakia","1997","Medium","5365.829"
"Slovakia","1996","Medium","5358.289"
"Slovakia","1995","Medium","5349.997"
"Slovakia","1994","Medium","5338.811"
"Slovakia","1993","Medium","5321.859"
"Slovakia","1992","Medium","5301.892"
"Slovakia","1991","Medium","5280.226"
"Slovakia","1990","Medium","5261.305"
"Slovakia","1989","Medium","5245.118"
"Slovakia","1988","Medium","5224.908"
"Slovakia","1987","Medium","5201.174"
"Slovakia","1986","Medium","5175.411"
"Slovakia","1985","Medium","5146.571"
"Slovakia","1984","Medium","5115.041"
"Slovakia","1983","Medium","5082.436"
"Slovakia","1982","Medium","5048.145"
"Slovakia","1981","Medium","5011.717"
"Slovakia","1980","Medium","4973.883"
"Slovenia","2022","Medium","2119.844"
"Slovenia","2021","Medium","2119.41"
"Slovenia","2020","Medium","2117.641"
"Slovenia","2019","Medium","2112.901"
"Slovenia","2018","Medium","2105.924"
"Slovenia","2017","Medium","2098.392"
"Slovenia","2016","Medium","2090.02"
"Slovenia","2015","Medium","2080.862"
"Slovenia","2014","Medium","2074.917"
"Slovenia","2013","Medium","2072.374"
"Slovenia","2012","Medium","2069.354"
"Slovenia","2011","Medium","2065.453"
"Slovenia","2010","Medium","2057.287"
"Slovenia","2009","Medium","2045.578"
"Slovenia","2008","Medium","2034.033"
"Slovenia","2007","Medium","2023.229"
"Slovenia","2006","Medium","2013.57"
"Slovenia","2005","Medium","2004.778"
"Slovenia","2004","Medium","1996.722"
"Slovenia","2003","Medium","1989.411"
"Slovenia","2002","Medium","1983.767"
"Slovenia","2001","Medium","1982.487"
"Slovenia","2000","Medium","1984.339"
"Slovenia","1999","Medium","1986.261"
"Slovenia","1998","Medium","1988.279"
"Slovenia","1997","Medium","1989.828"
"Slovenia","1996","Medium","1990.667"
"Slovenia","1995","Medium","1991.106"
"Slovenia","1994","Medium","1991.449"
"Slovenia","1993","Medium","1991.685"
"Slovenia","1992","Medium","1991.34"
"Slovenia","1991","Medium","1989.797"
"Slovenia","1990","Medium","1986.024"
"Slovenia","1989","Medium","1980.18"
"Slovenia","1988","Medium","1973.494"
"Slovenia","1987","Medium","1966.495"
"Slovenia","1986","Medium","1959.55"
"Slovenia","1985","Medium","1952.518"
"Slovenia","1984","Medium","1945.141"
"Slovenia","1983","Medium","1937.234"
"Slovenia","1982","Medium","1927.956"
"Slovenia","1981","Medium","1916.32"
"Slovenia","1980","Medium","1901.57"
"Spain","2022","Medium","47558.63"
"Spain","2021","Medium","47486.935"
"Spain","2020","Medium","47363.807"
"Spain","2019","Medium","47131.372"
"Spain","2018","Medium","46792.043"
"Spain","2017","Medium","46584.17"
"Spain","2016","Medium","46473.315"
"Spain","2015","Medium","46431.342"
"Spain","2014","Medium","46464.551"
"Spain","2013","Medium","46603.459"
"Spain","2012","Medium","46756.082"
"Spain","2011","Medium","46729.232"
"Spain","2010","Medium","46572.772"
"Spain","2009","Medium","46367.772"
"Spain","2008","Medium","45966.538"
"Spain","2007","Medium","45245.782"
"Spain","2006","Medium","44422.831"
"Spain","2005","Medium","43685.374"
"Spain","2004","Medium","42959.666"
"Spain","2003","Medium","42230.27"
"Spain","2002","Medium","41477.655"
"Spain","2001","Medium","40966.45"
"Spain","2000","Medium","40741.651"
"Spain","1999","Medium","40542.232"
"Spain","1998","Medium","40362.357"
"Spain","1997","Medium","40180.05"
"Spain","1996","Medium","39996.473"
"Spain","1995","Medium","39814.573"
"Spain","1994","Medium","39623.725"
"Spain","1993","Medium","39420.546"
"Spain","1992","Medium","39202.251"
"Spain","1991","Medium","38997.063"
"Spain","1990","Medium","38889.889"
"Spain","1989","Medium","38847.318"
"Spain","1988","Medium","38781.722"
"Spain","1987","Medium","38694.533"
"Spain","1986","Medium","38590.808"
"Spain","1985","Medium","38471.92"
"Spain","1984","Medium","38329.925"
"Spain","1983","Medium","38169.76"
"Spain","1982","Medium","37982.149"
"Spain","1981","Medium","37758.649"
"Spain","1980","Medium","37491.666"
"Sweden","2022","Medium","10549.347"
"Sweden","2021","Medium","10467.097"
"Sweden","2020","Medium","10368.969"
"Sweden","2019","Medium","10267.922"
"Sweden","2018","Medium","10162.298"
"Sweden","2017","Medium","10058.19"
"Sweden","2016","Medium","9953.317"
"Sweden","2015","Medium","9849.349"
"Sweden","2014","Medium","9747.508"
"Sweden","2013","Medium","9648.932"
"Sweden","2012","Medium","9555.987"
"Sweden","2011","Medium","9467.388"
"Sweden","2010","Medium","9381.729"
"Sweden","2009","Medium","9301.413"
"Sweden","2008","Medium","9229.271"
"Sweden","2007","Medium","9164.272"
"Sweden","2006","Medium","9104.719"
"Sweden","2005","Medium","9051.738"
"Sweden","2004","Medium","9004.263"
"Sweden","2003","Medium","8961.506"
"Sweden","2002","Medium","8926.012"
"Sweden","2001","Medium","8896.748"
"Sweden","2000","Medium","8871.043"
"Sweden","1999","Medium","8848.876"
"Sweden","1998","Medium","8828.633"
"Sweden","1997","Medium","8807.869"
"Sweden","1996","Medium","8785.494"
"Sweden","1995","Medium","8758.496"
"Sweden","1994","Medium","8723.46"
"Sweden","1993","Medium","8683.405"
"Sweden","1992","Medium","8640.272"
"Sweden","1991","Medium","8594.171"
"Sweden","1990","Medium","8548.406"
"Sweden","1989","Medium","8504.982"
"Sweden","1988","Medium","8468.137"
"Sweden","1987","Medium","8437.994"
"Sweden","1986","Medium","8411.791"
"Sweden","1985","Medium","8389.913"
"Sweden","1984","Medium","8371.29"
"Sweden","1983","Medium","8355.107"
"Sweden","1982","Medium","8340.723"
"Sweden","1981","Medium","8326.687"
"Sweden","1980","Medium","8311.763"

